test_comment,test_index,Timestamp,PSU_FB_U_VDC,PSU_FB_I_AMP,PSU_FB_W_WATT,PSU_CMD_U_VDC,PSU_CMD_I_AMP,PSU_CMD_OUTPUT,LCR_PRIMARY,LCR_SECONDARY,UV_R_mOhm,UW_R_mOhm,VW_R_mOhm,UV_L_µH,UW_L_µH,VW_L_µH,U_U_VDC,V_U_VDC,W_U_VDC,U_I_AMP,V_I_AMP,W_I_AMP,PWM_FB_DC_%,PWM_FB_VDC,PWM_FB_Hz,PWM_CMD_DC_%,PWM_CMD_VDC,PWM_CMD_Hz,DO_RELAY_U_LCR_A,DO_RELAY_V_LCR_A,DO_RELAY_V_LCR_B,DO_RELAY_W_LCR_B,DIFF_UV_UW_L_µH,DIFF_UV_VW_L_µH,DIFF_UW_VW_L_µH,DIFF_UV_UW_R_mOhm,DIFF_UV_VW_R_mOhm,DIFF_UW_VW_R_mOhm,DIFF_UV_U_VDC,DIFF_UW_U_VDC,DIFF_VW_U_VDC
Test Initialized,0,3708651352.031059,0.399144,8.552126,3.413533,0.000000,0.000000,0.000000,1.074430,7.651187,0.000000,0.000000,0.000000,0.000000,0.000000,0.000000,57.205607,57.562798,56.671082,27.257411,27.156191,25.852723,0.719945,3.614145,48.882138,0.000000,0.000000,0.000000,0.000000,0.000000,0.000000,0.000000,0.000000,0.000000,0.000000,0.000000,0.000000,0.000000,-0.357192,0.534525,0.891717
Connect Motor to UVW Terminals,1,3708651353.783262,1.849198,2.440419,4.512817,0.000000,0.000000,0.000000,7.190220,6.029841,0.000000,0.000000,0.000000,0.000000,0.000000,0.000000,-23.007869,-28.749728,-33.241233,-17.913629,-20.640378,-21.629957,0.000000,0.000000,Inf,0.000000,0.000000,0.000000,0.000000,0.000000,0.000000,0.000000,0.000000,0.000000,0.000000,0.000000,0.000000,0.000000,5.741859,10.233365,4.491506
Preparing to measure phase resistance,2,3708651355.314261,3.561236,5.656916,20.145614,0.000000,0.000000,0.000000,2.198366,9.824595,0.000000,0.000000,0.000000,0.000000,0.000000,0.000000,-54.651471,-52.164233,-48.856905,-23.868704,-22.975178,-21.988047,0.000000,0.000000,Inf,0.000000,0.000000,0.000000,0.000000,0.000000,0.000000,0.000000,0.000000,0.000000,0.000000,0.000000,0.000000,0.000000,-2.487238,-5.794566,-3.307328
Set LCR to measure resistance,3,3708651355.417050,1.623698,6.790396,11.025554,0.000000,0.000000,0.000000,0.440391,2.874672,0.000000,0.000000,0.000000,0.000000,0.000000,0.000000,-52.792671,-48.067978,-46.271849,-22.985382,-21.833045,-19.467366,0.000000,0.000000,Inf,0.000000,0.000000,0.000000,0.000000,0.000000,0.000000,0.000000,0.000000,0.000000,0.000000,0.000000,0.000000,0.000000,-4.724694,-6.520822,-1.796129
Preparing to measure resistance between U and V,4,3708651357.047444,5.456940,5.792939,31.611717,0.000000,0.000000,0.000000,2.153436,8.437299,0.000000,0.000000,0.000000,0.000000,0.000000,0.000000,29.612276,34.673168,36.063375,21.419653,22.179847,25.043880,0.000000,0.000000,Inf,0.000000,0.000000,0.000000,0.000000,0.000000,0.000000,0.000000,0.000000,0.000000,0.000000,0.000000,0.000000,0.000000,-5.060892,-6.451099,-1.390207
Disconnect all LCR Relays,5,3708651357.047444,5.456940,5.792939,31.611717,0.000000,0.000000,0.000000,2.153436,8.437299,0.000000,0.000000,0.000000,0.000000,0.000000,0.000000,29.612276,34.673168,36.063375,21.419653,22.179847,25.043880,0.000000,0.000000,Inf,0.000000,0.000000,0.000000,0.000000,0.000000,0.000000,0.000000,0.000000,0.000000,0.000000,0.000000,0.000000,0.000000,-5.060892,-6.451099,-1.390207
Wait 2 seconds for relays to settle,6,3708651359.997610,8.480535,5.598870,47.481411,0.000000,0.000000,0.000000,6.235234,7.708825,0.000000,0.000000,0.000000,0.000000,0.000000,0.000000,-25.723538,-28.337769,-34.274084,-19.647350,-21.305935,-23.062495,0.000000,0.000000,Inf,0.000000,0.000000,0.000000,0.000000,0.000000,0.000000,0.000000,0.000000,0.000000,0.000000,0.000000,0.000000,0.000000,2.614231,8.550547,5.936315
Connect LCR to U and V,7,3708651359.997610,8.480535,5.598870,47.481411,0.000000,0.000000,0.000000,6.235234,7.708825,0.000000,0.000000,0.000000,0.000000,0.000000,0.000000,-25.723538,-28.337769,-34.274084,-19.647350,-21.305935,-23.062495,0.000000,0.000000,Inf,0.000000,0.000000,0.000000,0.000000,0.000000,0.000000,0.000000,0.000000,0.000000,0.000000,0.000000,0.000000,0.000000,2.614231,8.550547,5.936315
Wait 2 seconds for relays to settle,8,3708651363.061848,8.785852,8.784768,77.181666,0.000000,0.000000,0.000000,6.721062,5.995763,0.000000,0.000000,0.000000,0.000000,0.000000,0.000000,18.108381,22.292255,28.008394,17.979995,20.158598,21.680733,0.000000,0.000000,Inf,0.000000,0.000000,0.000000,1.000000,0.000000,1.000000,0.000000,0.000000,0.000000,0.000000,0.000000,0.000000,0.000000,-4.183874,-9.900013,-5.716138
Tare the LCR Meter,9,3708651363.061848,8.785852,8.784768,77.181666,0.000000,0.000000,0.000000,6.721062,5.995763,0.000000,0.000000,0.000000,0.000000,0.000000,0.000000,18.108381,22.292255,28.008394,17.979995,20.158598,21.680733,0.000000,0.000000,Inf,0.000000,0.000000,0.000000,1.000000,0.000000,1.000000,0.000000,0.000000,0.000000,0.000000,0.000000,0.000000,0.000000,-4.183874,-9.900013,-5.716138
Measure U V Resistance,10,3708651364.078423,4.342262,1.562599,6.785213,0.000000,0.000000,0.000000,1.278344,1.724991,0.000000,0.000000,0.000000,0.000000,0.000000,0.000000,57.509183,56.710113,58.511928,29.374586,29.581981,29.322570,0.000000,0.000000,Inf,0.000000,0.000000,0.000000,1.000000,0.000000,1.000000,0.000000,0.000000,0.000000,0.000000,0.000000,0.000000,0.000000,0.799069,-1.002746,-1.801815
Preparing to measure resistance between U and W,11,3708651365.397849,5.593063,3.607671,20.177934,0.000000,0.000000,0.000000,-5.183026,2.956699,0.000000,0.000000,0.000000,0.000000,0.000000,0.000000,25.388905,20.419887,17.615226,6.652095,4.279737,1.652289,0.000000,0.000000,Inf,0.000000,0.000000,0.000000,1.000000,0.000000,1.000000,0.000000,0.000000,0.000000,0.000000,0.000000,0.000000,0.000000,4.969018,7.773679,2.804661
Disconnect all LCR Relays,12,3708651365.499630,9.958840,1.285459,12.801677,0.000000,0.000000,0.000000,1.223448,-1.693986,0.000000,0.000000,0.000000,0.000000,0.000000,0.000000,20.689789,14.677621,9.603453,3.552538,0.586912,-1.589641,0.000000,0.000000,Inf,0.000000,0.000000,0.000000,1.000000,0.000000,1.000000,0.000000,0.000000,0.000000,0.000000,0.000000,0.000000,0.000000,6.012168,11.086336,5.074168
Wait 2 seconds for relays to settle,13,3708651368.441501,4.092434,7.658582,31.342245,0.000000,0.000000,0.000000,-4.573097,-4.282211,0.000000,0.000000,0.000000,0.000000,0.000000,0.000000,-25.535990,-19.619716,-16.245948,-5.690974,-3.522441,0.020429,0.000000,0.000000,Inf,0.000000,0.000000,0.000000,0.000000,0.000000,0.000000,0.000000,0.000000,0.000000,0.000000,0.000000,0.000000,0.000000,-5.916274,-9.290042,-3.373769
Connect LCR to U and W,14,3708651368.441501,4.092434,7.658582,31.342245,0.000000,0.000000,0.000000,-4.573097,-4.282211,0.000000,0.000000,0.000000,0.000000,0.000000,0.000000,-25.535990,-19.619716,-16.245948,-5.690974,-3.522441,0.020429,0.000000,0.000000,Inf,0.000000,0.000000,0.000000,0.000000,0.000000,0.000000,0.000000,0.000000,0.000000,0.000000,0.000000,0.000000,0.000000,-5.916274,-9.290042,-3.373769
Wait 2 seconds for relays to settle,15,3708651371.469896,4.162798,0.993238,4.134649,0.000000,0.000000,0.000000,1.213762,-4.822713,0.000000,0.000000,0.000000,0.000000,0.000000,0.000000,31.062285,27.320360,23.121988,9.064124,5.667769,3.653806,0.000000,0.000000,Inf,0.000000,0.000000,0.000000,1.000000,0.000000,0.000000,1.000000,0.000000,0.000000,0.000000,0.000000,0.000000,0.000000,3.741925,7.940298,4.198373
Tare the LCR Meter,16,3708651371.469896,4.162798,0.993238,4.134649,0.000000,0.000000,0.000000,1.213762,-4.822713,0.000000,0.000000,0.000000,0.000000,0.000000,0.000000,31.062285,27.320360,23.121988,9.064124,5.667769,3.653806,0.000000,0.000000,Inf,0.000000,0.000000,0.000000,1.000000,0.000000,0.000000,1.000000,0.000000,0.000000,0.000000,0.000000,0.000000,0.000000,3.741925,7.940298,4.198373
Measure U W Resistance,17,3708651372.481987,9.009334,8.990142,80.995188,0.000000,0.000000,0.000000,1.726091,3.387767,0.000000,0.000000,0.000000,0.000000,0.000000,0.000000,-26.828794,-32.319791,-35.953605,-20.057732,-22.153204,-23.819835,0.000000,0.000000,Inf,0.000000,0.000000,0.000000,1.000000,0.000000,0.000000,1.000000,0.000000,0.000000,0.000000,0.000000,0.000000,0.000000,5.490997,9.124811,3.633814
Preparing to measure resistance between V and W,18,3708651375.624703,7.210712,5.627256,40.576522,0.000000,0.000000,0.000000,7.921476,4.805057,0.000000,0.000000,0.000000,0.000000,0.000000,0.000000,26.950659,30.377843,36.754799,19.818985,21.390421,23.055272,0.000000,0.000000,Inf,0.000000,0.000000,0.000000,1.000000,0.000000,0.000000,1.000000,0.000000,0.000000,0.000000,0.000000,0.000000,0.000000,-3.427184,-9.804140,-6.376956
Disconnect all LCR Relays,19,3708651375.624703,7.210712,5.627256,40.576522,0.000000,0.000000,0.000000,7.921476,4.805057,0.000000,0.000000,0.000000,0.000000,0.000000,0.000000,26.950659,30.377843,36.754799,19.818985,21.390421,23.055272,0.000000,0.000000,Inf,0.000000,0.000000,0.000000,1.000000,0.000000,0.000000,1.000000,0.000000,0.000000,0.000000,0.000000,0.000000,0.000000,-3.427184,-9.804140,-6.376956
Wait 2 seconds for relays to settle,20,3708651378.656183,4.127904,2.165789,8.940168,0.000000,0.000000,0.000000,2.063991,1.709164,0.000000,0.000000,0.000000,0.000000,0.000000,0.000000,-25.360345,-31.901009,-33.490851,-20.945349,-22.946747,-23.535637,0.000000,0.000000,Inf,0.000000,0.000000,0.000000,0.000000,0.000000,0.000000,0.000000,0.000000,0.000000,0.000000,0.000000,0.000000,0.000000,6.540664,8.130506,1.589842
Connect LCR to V and W,21,3708651378.656183,4.127904,2.165789,8.940168,0.000000,0.000000,0.000000,2.063991,1.709164,0.000000,0.000000,0.000000,0.000000,0.000000,0.000000,-25.360345,-31.901009,-33.490851,-20.945349,-22.946747,-23.535637,0.000000,0.000000,Inf,0.000000,0.000000,0.000000,0.000000,0.000000,0.000000,0.000000,0.000000,0.000000,0.000000,0.000000,0.000000,0.000000,6.540664,8.130506,1.589842
Wait 2 seconds for relays to settle,22,3708651381.695849,8.844749,0.801530,7.089328,0.000000,0.000000,0.000000,0.055663,-3.087979,0.000000,0.000000,0.000000,0.000000,0.000000,0.000000,23.315765,27.403201,31.802425,18.340786,19.846616,22.039191,0.000000,0.000000,Inf,0.000000,0.000000,0.000000,0.000000,1.000000,0.000000,1.000000,0.000000,0.000000,0.000000,0.000000,0.000000,0.000000,-4.087436,-8.486660,-4.399224
Tare the LCR Meter,23,3708651381.695849,8.844749,0.801530,7.089328,0.000000,0.000000,0.000000,0.055663,-3.087979,0.000000,0.000000,0.000000,0.000000,0.000000,0.000000,23.315765,27.403201,31.802425,18.340786,19.846616,22.039191,0.000000,0.000000,Inf,0.000000,0.000000,0.000000,0.000000,1.000000,0.000000,1.000000,0.000000,0.000000,0.000000,0.000000,0.000000,0.000000,-4.087436,-8.486660,-4.399224
Measure V W Resistance,24,3708651382.704147,3.355115,1.776758,5.961229,0.000000,0.000000,0.000000,7.452922,8.684755,0.000000,0.000000,0.000000,0.000000,0.000000,0.000000,58.241662,58.926984,58.352834,30.060252,30.170875,30.187385,0.000000,0.000000,Inf,0.000000,0.000000,0.000000,0.000000,1.000000,0.000000,1.000000,0.000000,0.000000,0.000000,0.000000,0.000000,0.000000,-0.685322,-0.111172,0.574150
Preparing to measure phase inductance,25,3708651385.037322,6.712962,7.360583,49.411319,0.000000,0.000000,0.000000,6.881882,2.201757,0.000000,0.000000,0.000000,0.000000,0.000000,0.000000,-31.120221,-38.023820,-40.565653,-23.347100,-24.459997,-25.165008,0.000000,0.000000,Inf,0.000000,0.000000,0.000000,0.000000,1.000000,0.000000,1.000000,0.000000,0.000000,0.000000,0.000000,0.000000,0.000000,6.903599,9.445432,2.541833
Set LCR to measure inductance,26,3708651385.037322,6.712962,7.360583,49.411319,0.000000,0.000000,0.000000,6.881882,2.201757,0.000000,0.000000,0.000000,0.000000,0.000000,0.000000,-31.120221,-38.023820,-40.565653,-23.347100,-24.459997,-25.165008,0.000000,0.000000,Inf,0.000000,0.000000,0.000000,0.000000,1.000000,0.000000,1.000000,0.000000,0.000000,0.000000,0.000000,0.000000,0.000000,6.903599,9.445432,2.541833
Preparing to measure inductance between U and V,27,3708651389.673022,5.711750,1.951311,11.145400,0.000000,0.000000,0.000000,3.260623,3.008146,0.000000,0.000000,0.000000,0.000000,0.000000,0.000000,48.842264,47.642122,42.284362,19.500640,18.160322,16.363383,0.000000,0.000000,Inf,0.000000,0.000000,0.000000,0.000000,1.000000,0.000000,1.000000,0.000000,0.000000,0.000000,0.000000,0.000000,0.000000,1.200142,6.557901,5.357759
Disconnect all LCR Relays,28,3708651389.673022,5.711750,1.951311,11.145400,0.000000,0.000000,0.000000,3.260623,3.008146,0.000000,0.000000,0.000000,0.000000,0.000000,0.000000,48.842264,47.642122,42.284362,19.500640,18.160322,16.363383,0.000000,0.000000,Inf,0.000000,0.000000,0.000000,0.000000,1.000000,0.000000,1.000000,0.000000,0.000000,0.000000,0.000000,0.000000,0.000000,1.200142,6.557901,5.357759
Wait 2 seconds for relays to settle,29,3708651392.618718,1.581319,4.827619,7.634006,0.000000,0.000000,0.000000,4.063438,3.134909,0.000000,0.000000,0.000000,0.000000,0.000000,0.000000,-50.756975,-47.860196,-45.812698,-21.969919,-20.718129,-19.586352,0.000000,0.000000,Inf,0.000000,0.000000,0.000000,0.000000,0.000000,0.000000,0.000000,0.000000,0.000000,0.000000,0.000000,0.000000,0.000000,-2.896779,-4.944277,-2.047498
Connect LCR to U and V,30,3708651392.719538,4.033574,6.583082,26.553352,0.000000,0.000000,0.000000,2.102125,2.397549,0.000000,0.000000,0.000000,0.000000,0.000000,0.000000,-50.262683,-45.955985,-42.486351,-19.336262,-17.340587,-15.789670,0.000000,0.000000,Inf,0.000000,0.000000,0.000000,0.000000,0.000000,0.000000,0.000000,0.000000,0.000000,0.000000,0.000000,0.000000,0.000000,-4.306698,-7.776332,-3.469634
Wait 2 seconds for relays to settle,31,3708651395.637347,3.340574,9.255823,30.919759,0.000000,0.000000,0.000000,3.042675,10.651584,0.000000,0.000000,0.000000,0.000000,0.000000,0.000000,53.506304,50.784655,49.258485,23.366523,22.881740,20.758481,0.000000,0.000000,Inf,0.000000,0.000000,0.000000,1.000000,0.000000,1.000000,0.000000,0.000000,0.000000,0.000000,0.000000,0.000000,0.000000,2.721648,4.247818,1.526170
Tare the LCR Meter,32,3708651395.737717,2.929815,1.865310,5.465013,0.000000,0.000000,0.000000,6.505850,3.553079,0.000000,0.000000,0.000000,0.000000,0.000000,0.000000,50.638850,49.838558,47.649589,22.092295,20.440703,18.266366,0.000000,0.000000,Inf,0.000000,0.000000,0.000000,1.000000,0.000000,1.000000,0.000000,0.000000,0.000000,0.000000,0.000000,0.000000,0.000000,0.800293,2.989261,2.188969
Measure U V Inductance,33,3708651396.742582,2.132076,5.050560,10.768178,0.000000,0.000000,0.000000,-2.403580,-0.556935,0.000000,0.000000,0.000000,0.000000,0.000000,0.000000,5.538054,-0.560775,-6.154790,-6.381601,-9.273161,-11.592121,0.000000,0.000000,Inf,0.000000,0.000000,0.000000,1.000000,0.000000,1.000000,0.000000,0.000000,0.000000,0.000000,0.000000,0.000000,0.000000,6.098829,11.692844,5.594015
Preparing to measure inductance between U and W,34,3708651397.647763,3.847590,5.020980,19.318673,0.000000,0.000000,0.000000,-4.300072,-0.932108,0.000000,0.000000,0.000000,0.000000,0.000000,0.000000,-43.061109,-45.704615,-51.110097,-27.817713,-27.770625,-29.448548,0.000000,0.000000,Inf,0.000000,0.000000,0.000000,1.000000,0.000000,1.000000,0.000000,0.000000,0.000000,0.000000,0.000000,0.000000,0.000000,2.643507,8.048988,5.405481
Disconnect all LCR Relays,35,3708651397.748757,3.762605,2.775656,10.443697,0.000000,0.000000,0.000000,-4.207869,1.706420,0.000000,0.000000,0.000000,0.000000,0.000000,0.000000,-48.927465,-50.030468,-53.377157,-29.128646,-29.073732,-30.470626,0.000000,0.000000,Inf,0.000000,0.000000,0.000000,1.000000,0.000000,1.000000,0.000000,0.000000,0.000000,0.000000,0.000000,0.000000,0.000000,1.103003,4.449692,3.346689
Wait 2 seconds for relays to settle,36,3708651400.677787,9.607151,8.365411,80.367769,0.000000,0.000000,0.000000,-1.429510,5.755347,0.000000,0.000000,0.000000,0.000000,0.000000,0.000000,38.719513,42.582975,47.841371,26.552578,27.984379,27.944913,0.000000,0.000000,Inf,0.000000,0.000000,0.000000,0.000000,0.000000,0.000000,0.000000,0.000000,0.000000,0.000000,0.000000,0.000000,0.000000,-3.863461,-9.121857,-5.258396
Connect LCR to U and W,37,3708651400.778041,3.436886,4.295037,14.761555,0.000000,0.000000,0.000000,-5.617327,1.442067,0.000000,0.000000,0.000000,0.000000,0.000000,0.000000,45.221596,48.279272,48.166404,27.365641,27.751578,29.210048,0.000000,0.000000,Inf,0.000000,0.000000,0.000000,0.000000,0.000000,0.000000,0.000000,0.000000,0.000000,0.000000,0.000000,0.000000,0.000000,-3.057676,-2.944808,0.112867
Wait 2 seconds for relays to settle,38,3708651403.714027,6.288456,6.911037,43.459754,0.000000,0.000000,0.000000,-6.200944,-1.077000,0.000000,0.000000,0.000000,0.000000,0.000000,0.000000,-35.833871,-40.735540,-41.319647,-23.886388,-25.292376,-27.823495,0.000000,0.000000,Inf,0.000000,0.000000,0.000000,1.000000,0.000000,0.000000,1.000000,0.000000,0.000000,0.000000,0.000000,0.000000,0.000000,4.901669,5.485776,0.584106
Tare the LCR Meter,39,3708651403.813978,9.429699,2.811841,26.514818,0.000000,0.000000,0.000000,-2.973591,2.635751,0.000000,0.000000,0.000000,0.000000,0.000000,0.000000,-39.828103,-45.689302,-47.098263,-25.259575,-27.223417,-27.831284,0.000000,0.000000,Inf,0.000000,0.000000,0.000000,1.000000,0.000000,0.000000,1.000000,0.000000,0.000000,0.000000,0.000000,0.000000,0.000000,5.861199,7.270160,1.408961
Measure U W Inductance,40,3708651404.825566,9.615680,0.516637,4.967818,0.000000,0.000000,0.000000,9.115036,5.584618,0.000000,0.000000,0.000000,0.000000,0.000000,0.000000,-57.573563,-55.605343,-52.109695,-27.691105,-26.469940,-24.254823,0.898537,3.951595,51.581343,0.000000,0.000000,0.000000,1.000000,0.000000,0.000000,1.000000,0.000000,0.000000,0.000000,0.000000,0.000000,0.000000,-1.968219,-5.463868,-3.495648
Preparing to measure inductance between V and W,41,3708651405.931745,7.866512,6.917823,54.419133,0.000000,0.000000,0.000000,11.323639,1.616584,0.000000,0.000000,0.000000,0.000000,0.000000,0.000000,-14.608012,-9.265652,-3.160029,1.582731,4.379783,5.862408,0.000000,0.000000,Inf,0.000000,0.000000,0.000000,1.000000,0.000000,0.000000,1.000000,0.000000,0.000000,0.000000,0.000000,0.000000,0.000000,-5.342360,-11.447983,-6.105624
Disconnect all LCR Relays,42,3708651406.032137,4.777845,7.444663,35.569446,0.000000,0.000000,0.000000,11.794937,-0.641510,0.000000,0.000000,0.000000,0.000000,0.000000,0.000000,-8.986288,-3.206999,0.466726,4.253958,6.812871,8.395751,0.000000,0.000000,Inf,0.000000,0.000000,0.000000,1.000000,0.000000,0.000000,1.000000,0.000000,0.000000,0.000000,0.000000,0.000000,0.000000,-5.779288,-9.453014,-3.673725
Wait 2 seconds for relays to settle,43,3708651408.979803,4.865597,0.304660,1.482352,0.000000,0.000000,0.000000,5.776749,4.378962,0.000000,0.000000,0.000000,0.000000,0.000000,0.000000,14.497240,6.927631,2.670908,-0.316355,-4.217487,-6.638077,0.000000,0.000000,Inf,0.000000,0.000000,0.000000,0.000000,0.000000,0.000000,0.000000,0.000000,0.000000,0.000000,0.000000,0.000000,0.000000,7.569609,11.826332,4.256723
Connect LCR to V and W,44,3708651408.979803,4.865597,0.304660,1.482352,0.000000,0.000000,0.000000,5.776749,4.378962,0.000000,0.000000,0.000000,0.000000,0.000000,0.000000,14.497240,6.927631,2.670908,-0.316355,-4.217487,-6.638077,0.000000,0.000000,Inf,0.000000,0.000000,0.000000,0.000000,0.000000,0.000000,0.000000,0.000000,0.000000,0.000000,0.000000,0.000000,0.000000,7.569609,11.826332,4.256723
Wait 2 seconds for relays to settle,45,3708651412.032743,4.646709,5.994082,27.852759,0.000000,0.000000,0.000000,9.114736,5.541086,0.000000,0.000000,0.000000,0.000000,0.000000,0.000000,-17.899262,-13.481799,-6.530035,-1.164105,1.923896,3.332306,0.000000,0.000000,Inf,0.000000,0.000000,0.000000,0.000000,1.000000,0.000000,1.000000,0.000000,0.000000,0.000000,0.000000,0.000000,0.000000,-4.417463,-11.369227,-6.951764
Tare the LCR Meter,46,3708651412.032743,4.646709,5.994082,27.852759,0.000000,0.000000,0.000000,9.114736,5.541086,0.000000,0.000000,0.000000,0.000000,0.000000,0.000000,-17.899262,-13.481799,-6.530035,-1.164105,1.923896,3.332306,0.000000,0.000000,Inf,0.000000,0.000000,0.000000,0.000000,1.000000,0.000000,1.000000,0.000000,0.000000,0.000000,0.000000,0.000000,0.000000,-4.417463,-11.369227,-6.951764
Measure V W Inductance,47,3708651413.049836,6.677866,6.475662,43.243603,0.000000,0.000000,0.000000,-0.926092,-2.300586,0.000000,0.000000,0.000000,0.000000,0.000000,0.000000,37.724621,40.234396,43.080607,24.401152,26.438439,27.103958,0.000000,0.000000,Inf,0.000000,0.000000,0.000000,0.000000,1.000000,0.000000,1.000000,0.000000,0.000000,0.000000,0.000000,0.000000,0.000000,-2.509775,-5.355985,-2.846210
Disconnect all LCR Relays,48,3708651413.049836,6.677866,6.475662,43.243603,0.000000,0.000000,0.000000,-0.926092,-2.300586,0.000000,0.000000,0.000000,0.000000,0.000000,0.000000,37.724621,40.234396,43.080607,24.401152,26.438439,27.103958,0.000000,0.000000,Inf,0.000000,0.000000,0.000000,0.000000,1.000000,0.000000,1.000000,0.000000,0.000000,0.000000,0.000000,0.000000,0.000000,-2.509775,-5.355985,-2.846210
Preparing to measure Back EMF,49,3708651415.703120,6.208010,5.449189,33.828617,0.000000,0.000000,0.000000,-8.662391,-0.582630,0.000000,0.000000,0.000000,0.000000,0.000000,0.000000,-18.983246,-21.902913,-27.113973,-15.608271,-17.509212,-19.537409,0.000000,0.000000,Inf,0.000000,0.000000,0.000000,0.000000,0.000000,0.000000,0.000000,0.000000,0.000000,0.000000,0.000000,0.000000,0.000000,2.919667,8.130727,5.211060
Apply 12.5VDC setpoint to Power Supply,50,3708651415.807324,5.734642,7.434120,42.632016,12.500000,0.000000,0.000000,-4.699428,-0.595375,0.000000,0.000000,0.000000,0.000000,0.000000,0.000000,-23.458280,-26.971130,-33.766446,-19.397260,-20.601933,-23.648994,0.000000,0.000000,Inf,0.000000,0.000000,0.000000,0.000000,0.000000,0.000000,0.000000,0.000000,0.000000,0.000000,0.000000,0.000000,0.000000,3.512850,10.308166,6.795316
Apply 5A limit to Power Supply,51,3708651415.807324,5.734642,7.434120,42.632016,12.500000,0.000000,0.000000,-4.699428,-0.595375,0.000000,0.000000,0.000000,0.000000,0.000000,0.000000,-23.458280,-26.971130,-33.766446,-19.397260,-20.601933,-23.648994,0.000000,0.000000,Inf,0.000000,0.000000,0.000000,0.000000,0.000000,0.000000,0.000000,0.000000,0.000000,0.000000,0.000000,0.000000,0.000000,3.512850,10.308166,6.795316
Set Power Supply Output Enabled,52,3708651415.807324,5.734642,7.434120,42.632016,12.500000,0.000000,0.000000,-4.699428,-0.595375,0.000000,0.000000,0.000000,0.000000,0.000000,0.000000,-23.458280,-26.971130,-33.766446,-19.397260,-20.601933,-23.648994,0.000000,0.000000,Inf,0.000000,0.000000,0.000000,0.000000,0.000000,0.000000,0.000000,0.000000,0.000000,0.000000,0.000000,0.000000,0.000000,3.512850,10.308166,6.795316
Set PWM Duty Cycle to 10%,53,3708651415.807324,5.734642,7.434120,42.632016,12.500000,0.000000,0.000000,-4.699428,-0.595375,0.000000,0.000000,0.000000,0.000000,0.000000,0.000000,-23.458280,-26.971130,-33.766446,-19.397260,-20.601933,-23.648994,0.000000,0.000000,Inf,0.000000,0.000000,0.000000,0.000000,0.000000,0.000000,0.000000,0.000000,0.000000,0.000000,0.000000,0.000000,0.000000,3.512850,10.308166,6.795316
Dwell at 10% Duty Cycle,54,3708651416.822319,1.621160,3.639860,5.900796,12.500000,5.000000,1.000000,-4.422088,1.631235,0.000000,0.000000,0.000000,0.000000,0.000000,0.000000,-57.162398,-56.530076,-57.386738,-30.464454,-28.965449,-29.499920,0.000000,0.000000,Inf,10.000000,10.000000,25.000000,0.000000,0.000000,0.000000,0.000000,0.000000,0.000000,0.000000,0.000000,0.000000,0.000000,-0.632322,0.224340,0.856662
Set PWM Duty Cycle to 20%,55,3708651416.822319,1.621160,3.639860,5.900796,12.500000,5.000000,1.000000,-4.422088,1.631235,0.000000,0.000000,0.000000,0.000000,0.000000,0.000000,-57.162398,-56.530076,-57.386738,-30.464454,-28.965449,-29.499920,0.000000,0.000000,Inf,10.000000,10.000000,25.000000,0.000000,0.000000,0.000000,0.000000,0.000000,0.000000,0.000000,0.000000,0.000000,0.000000,-0.632322,0.224340,0.856662
Dwell at 20% Duty Cycle,56,3708651417.835679,5.358182,3.202069,17.157269,12.500000,5.000000,1.000000,-7.174641,3.795014,0.000000,0.000000,0.000000,0.000000,0.000000,0.000000,-37.854233,-34.911420,-28.780319,-13.367367,-10.551908,-7.596489,0.000000,0.000000,Inf,20.000000,10.000000,25.000000,0.000000,0.000000,0.000000,0.000000,0.000000,0.000000,0.000000,0.000000,0.000000,0.000000,-2.942813,-9.073914,-6.131101
Set PWM Duty Cycle to 30%,57,3708651417.835679,5.358182,3.202069,17.157269,12.500000,5.000000,1.000000,-7.174641,3.795014,0.000000,0.000000,0.000000,0.000000,0.000000,0.000000,-37.854233,-34.911420,-28.780319,-13.367367,-10.551908,-7.596489,0.000000,0.000000,Inf,20.000000,10.000000,25.000000,0.000000,0.000000,0.000000,0.000000,0.000000,0.000000,0.000000,0.000000,0.000000,0.000000,-2.942813,-9.073914,-6.131101
Dwell at 30% Duty Cycle,58,3708651418.856011,5.879393,5.974211,35.124733,12.500000,5.000000,1.000000,0.843188,-3.948964,0.000000,0.000000,0.000000,0.000000,0.000000,0.000000,19.706384,22.968465,27.561402,16.463292,19.411226,21.490028,0.000000,0.000000,Inf,30.000000,10.000000,25.000000,0.000000,0.000000,0.000000,0.000000,0.000000,0.000000,0.000000,0.000000,0.000000,0.000000,-3.262081,-7.855018,-4.592936
Set PWM Duty Cycle to 40%,59,3708651418.856011,5.879393,5.974211,35.124733,12.500000,5.000000,1.000000,0.843188,-3.948964,0.000000,0.000000,0.000000,0.000000,0.000000,0.000000,19.706384,22.968465,27.561402,16.463292,19.411226,21.490028,0.000000,0.000000,Inf,30.000000,10.000000,25.000000,0.000000,0.000000,0.000000,0.000000,0.000000,0.000000,0.000000,0.000000,0.000000,0.000000,-3.262081,-7.855018,-4.592936
Dwell at 40% Duty Cycle,60,3708651419.867739,4.473246,9.411312,42.099117,12.500000,5.000000,1.000000,-1.006211,2.185694,0.000000,0.000000,0.000000,0.000000,0.000000,0.000000,57.511171,57.676538,59.121591,30.591937,30.385343,28.910378,0.000000,0.000000,Inf,40.000000,10.000000,25.000000,0.000000,0.000000,0.000000,0.000000,0.000000,0.000000,0.000000,0.000000,0.000000,0.000000,-0.165367,-1.610420,-1.445053
Set PWM Duty Cycle to 50%,61,3708651419.867739,4.473246,9.411312,42.099117,12.500000,5.000000,1.000000,-1.006211,2.185694,0.000000,0.000000,0.000000,0.000000,0.000000,0.000000,57.511171,57.676538,59.121591,30.591937,30.385343,28.910378,0.000000,0.000000,Inf,40.000000,10.000000,25.000000,0.000000,0.000000,0.000000,0.000000,0.000000,0.000000,0.000000,0.000000,0.000000,0.000000,-0.165367,-1.610420,-1.445053
Dwell at 50% Duty Cycle,62,3708651420.880270,9.994712,9.243555,92.386666,12.500000,5.000000,1.000000,-8.954386,-2.740394,0.000000,0.000000,0.000000,0.000000,0.000000,0.000000,41.077097,36.120138,33.874020,15.718662,13.637097,10.800709,0.000000,0.000000,Inf,50.000000,10.000000,25.000000,0.000000,0.000000,0.000000,0.000000,0.000000,0.000000,0.000000,0.000000,0.000000,0.000000,4.956959,7.203076,2.246118
Set PWM Duty Cycle to 60%,63,3708651420.880270,9.994712,9.243555,92.386666,12.500000,5.000000,1.000000,-8.954386,-2.740394,0.000000,0.000000,0.000000,0.000000,0.000000,0.000000,41.077097,36.120138,33.874020,15.718662,13.637097,10.800709,0.000000,0.000000,Inf,50.000000,10.000000,25.000000,0.000000,0.000000,0.000000,0.000000,0.000000,0.000000,0.000000,0.000000,0.000000,0.000000,4.956959,7.203076,2.246118
Dwell at 60% Duty Cycle,64,3708651421.904895,4.288172,0.124045,0.531927,12.500000,5.000000,1.000000,-7.034102,3.088583,0.000000,0.000000,0.000000,0.000000,0.000000,0.000000,-16.733058,-23.869845,-26.309518,-16.971291,-18.935916,-21.219404,0.000000,0.000000,Inf,60.000000,10.000000,25.000000,0.000000,0.000000,0.000000,0.000000,0.000000,0.000000,0.000000,0.000000,0.000000,0.000000,7.136786,9.576460,2.439673
Set PWM Duty Cycle to 70%,65,3708651422.008010,3.127385,7.766702,24.289464,12.500000,5.000000,1.000000,-3.748329,2.216323,0.000000,0.000000,0.000000,0.000000,0.000000,0.000000,-25.808531,-28.523392,-34.123995,-18.801720,-21.852830,-22.145891,0.000000,0.000000,Inf,60.000000,10.000000,25.000000,0.000000,0.000000,0.000000,0.000000,0.000000,0.000000,0.000000,0.000000,0.000000,0.000000,2.714861,8.315464,5.600603
Dwell at 70% Duty Cycle,66,3708651422.924057,6.812098,0.232613,1.584583,12.500000,5.000000,1.000000,-8.056052,-3.180816,0.000000,0.000000,0.000000,0.000000,0.000000,0.000000,-58.328437,-58.940223,-58.028709,-30.006023,-30.867239,-29.320458,0.000000,0.000000,Inf,70.000000,10.000000,25.000000,0.000000,0.000000,0.000000,0.000000,0.000000,0.000000,0.000000,0.000000,0.000000,0.000000,0.611787,-0.299728,-0.911515
Set PWM Duty Cycle to 80%,67,3708651423.024630,5.853741,7.287137,42.657013,12.500000,5.000000,1.000000,-1.014674,4.046770,0.000000,0.000000,0.000000,0.000000,0.000000,0.000000,-56.936871,-57.432757,-58.397859,-29.511949,-28.916167,-29.065290,0.000000,0.000000,Inf,70.000000,10.000000,25.000000,0.000000,0.000000,0.000000,0.000000,0.000000,0.000000,0.000000,0.000000,0.000000,0.000000,0.495887,1.460989,0.965102
Dwell at 80% Duty Cycle,68,3708651424.036508,5.510095,4.788748,26.386456,12.500000,5.000000,1.000000,-7.603061,1.356722,0.000000,0.000000,0.000000,0.000000,0.000000,0.000000,-35.166781,-31.267385,-27.848176,-11.550628,-9.285160,-7.071868,0.000000,0.000000,Inf,80.000000,10.000000,25.000000,0.000000,0.000000,0.000000,0.000000,0.000000,0.000000,0.000000,0.000000,0.000000,0.000000,-3.899396,-7.318604,-3.419209
Set PWM Duty Cycle to 90%,69,3708651424.036508,5.510095,4.788748,26.386456,12.500000,5.000000,1.000000,-7.603061,1.356722,0.000000,0.000000,0.000000,0.000000,0.000000,0.000000,-35.166781,-31.267385,-27.848176,-11.550628,-9.285160,-7.071868,0.000000,0.000000,Inf,80.000000,10.000000,25.000000,0.000000,0.000000,0.000000,0.000000,0.000000,0.000000,0.000000,0.000000,0.000000,0.000000,-3.899396,-7.318604,-3.419209
Dwell at 90% Duty Cycle,70,3708651425.058649,7.240935,3.814445,27.620151,12.500000,5.000000,1.000000,-6.080517,-4.732335,0.000000,0.000000,0.000000,0.000000,0.000000,0.000000,18.554350,23.248202,29.297013,17.192827,19.050953,20.978117,0.000000,0.000000,Inf,90.000000,10.000000,25.000000,0.000000,0.000000,0.000000,0.000000,0.000000,0.000000,0.000000,0.000000,0.000000,0.000000,-4.693852,-10.742663,-6.048811
Set PWM Duty Cycle to 100%,71,3708651425.058649,7.240935,3.814445,27.620151,12.500000,5.000000,1.000000,-6.080517,-4.732335,0.000000,0.000000,0.000000,0.000000,0.000000,0.000000,18.554350,23.248202,29.297013,17.192827,19.050953,20.978117,0.000000,0.000000,Inf,90.000000,10.000000,25.000000,0.000000,0.000000,0.000000,0.000000,0.000000,0.000000,0.000000,0.000000,0.000000,0.000000,-4.693852,-10.742663,-6.048811
Dwell at 100% Duty Cycle,72,3708651426.072276,6.606515,6.050798,39.974689,12.500000,5.000000,1.000000,-0.795720,3.828973,0.000000,0.000000,0.000000,0.000000,0.000000,0.000000,57.946290,58.538085,56.615299,29.419711,29.688237,29.859314,0.000000,0.000000,Inf,100.000000,10.000000,25.000000,0.000000,0.000000,0.000000,0.000000,0.000000,0.000000,0.000000,0.000000,0.000000,0.000000,-0.591795,1.330991,1.922786
Preparing to measure Motor Response @ 13.5VDC,73,3708651428.208727,6.670975,2.374161,15.837970,12.500000,5.000000,1.000000,-8.354290,-3.189321,0.000000,0.000000,0.000000,0.000000,0.000000,0.000000,-26.539637,-30.474724,-32.520492,-19.444314,-22.118834,-23.342890,0.000000,0.000000,Inf,100.000000,10.000000,25.000000,0.000000,0.000000,0.000000,0.000000,0.000000,0.000000,0.000000,0.000000,0.000000,0.000000,3.935087,5.980854,2.045767
Apply 13.5VDC setpoint to Power Supply,74,3708651428.208727,6.670975,2.374161,15.837970,12.500000,5.000000,1.000000,-8.354290,-3.189321,0.000000,0.000000,0.000000,0.000000,0.000000,0.000000,-26.539637,-30.474724,-32.520492,-19.444314,-22.118834,-23.342890,0.000000,0.000000,Inf,100.000000,10.000000,25.000000,0.000000,0.000000,0.000000,0.000000,0.000000,0.000000,0.000000,0.000000,0.000000,0.000000,3.935087,5.980854,2.045767
Apply 5A limit to Power Supply,75,3708651428.208727,6.670975,2.374161,15.837970,12.500000,5.000000,1.000000,-8.354290,-3.189321,0.000000,0.000000,0.000000,0.000000,0.000000,0.000000,-26.539637,-30.474724,-32.520492,-19.444314,-22.118834,-23.342890,0.000000,0.000000,Inf,100.000000,10.000000,25.000000,0.000000,0.000000,0.000000,0.000000,0.000000,0.000000,0.000000,0.000000,0.000000,0.000000,3.935087,5.980854,2.045767
Set Power Supply Output Enabled,76,3708651428.208727,6.670975,2.374161,15.837970,12.500000,5.000000,1.000000,-8.354290,-3.189321,0.000000,0.000000,0.000000,0.000000,0.000000,0.000000,-26.539637,-30.474724,-32.520492,-19.444314,-22.118834,-23.342890,0.000000,0.000000,Inf,100.000000,10.000000,25.000000,0.000000,0.000000,0.000000,0.000000,0.000000,0.000000,0.000000,0.000000,0.000000,0.000000,3.935087,5.980854,2.045767
Set PWM Duty Cycle to 10%,77,3708651428.208727,6.670975,2.374161,15.837970,12.500000,5.000000,1.000000,-8.354290,-3.189321,0.000000,0.000000,0.000000,0.000000,0.000000,0.000000,-26.539637,-30.474724,-32.520492,-19.444314,-22.118834,-23.342890,0.000000,0.000000,Inf,100.000000,10.000000,25.000000,0.000000,0.000000,0.000000,0.000000,0.000000,0.000000,0.000000,0.000000,0.000000,0.000000,3.935087,5.980854,2.045767
Dwell at 10% Duty Cycle,78,3708651429.226605,2.715285,7.634806,20.730675,13.500000,5.000000,1.000000,-8.844374,1.714288,0.000000,0.000000,0.000000,0.000000,0.000000,0.000000,-56.174880,-58.603417,-57.193283,-29.309800,-30.230759,-28.370997,0.000000,0.000000,Inf,10.000000,10.000000,25.000000,0.000000,0.000000,0.000000,0.000000,0.000000,0.000000,0.000000,0.000000,0.000000,0.000000,2.428537,1.018403,-1.410134
Set PWM Duty Cycle to 20%,79,3708651429.326483,6.008351,5.669259,34.062895,13.500000,5.000000,1.000000,-4.064190,-4.646879,0.000000,0.000000,0.000000,0.000000,0.000000,0.000000,-56.797453,-58.993910,-57.756604,-29.960131,-28.954243,-27.335273,0.148120,3.993309,17.006355,10.000000,10.000000,25.000000,0.000000,0.000000,0.000000,0.000000,0.000000,0.000000,0.000000,0.000000,0.000000,0.000000,2.196458,0.959151,-1.237307
Dwell at 20% Duty Cycle,80,3708651430.249357,4.736143,8.115105,38.434295,13.500000,5.000000,1.000000,-2.189032,2.042670,0.000000,0.000000,0.000000,0.000000,0.000000,0.000000,-35.979833,-31.586439,-27.200619,-12.025681,-10.189679,-7.592943,0.000000,0.000000,Inf,20.000000,10.000000,25.000000,0.000000,0.000000,0.000000,0.000000,0.000000,0.000000,0.000000,0.000000,0.000000,0.000000,-4.393394,-8.779214,-4.385820
Set PWM Duty Cycle to 30%,81,3708651430.348798,4.990246,2.715900,13.553008,13.500000,5.000000,1.000000,-0.008949,-3.199922,0.000000,0.000000,0.000000,0.000000,0.000000,0.000000,-29.565141,-27.697565,-22.215208,-9.469122,-7.451147,-4.857701,0.000000,0.000000,Inf,20.000000,10.000000,25.000000,0.000000,0.000000,0.000000,0.000000,0.000000,0.000000,0.000000,0.000000,0.000000,0.000000,-1.867576,-7.349933,-5.482357
Dwell at 30% Duty Cycle,82,3708651431.361055,4.139048,1.675706,6.935828,13.500000,5.000000,1.000000,0.498445,-1.408183,0.000000,0.000000,0.000000,0.000000,0.000000,0.000000,25.568635,31.350305,34.996485,18.911508,20.887525,22.650198,0.000000,0.000000,Inf,30.000000,10.000000,25.000000,0.000000,0.000000,0.000000,0.000000,0.000000,0.000000,0.000000,0.000000,0.000000,0.000000,-5.781670,-9.427851,-3.646181
Set PWM Duty Cycle to 40%,83,3708651431.361055,4.139048,1.675706,6.935828,13.500000,5.000000,1.000000,0.498445,-1.408183,0.000000,0.000000,0.000000,0.000000,0.000000,0.000000,25.568635,31.350305,34.996485,18.911508,20.887525,22.650198,0.000000,0.000000,Inf,30.000000,10.000000,25.000000,0.000000,0.000000,0.000000,0.000000,0.000000,0.000000,0.000000,0.000000,0.000000,0.000000,-5.781670,-9.427851,-3.646181
Dwell at 40% Duty Cycle,84,3708651432.370041,7.943743,1.906007,15.140831,13.500000,5.000000,1.000000,-3.873258,4.215708,0.000000,0.000000,0.000000,0.000000,0.000000,0.000000,56.300722,59.557525,56.972247,29.608747,29.197546,29.150510,0.000000,0.000000,Inf,40.000000,10.000000,25.000000,0.000000,0.000000,0.000000,0.000000,0.000000,0.000000,0.000000,0.000000,0.000000,0.000000,-3.256803,-0.671525,2.585278
Set PWM Duty Cycle to 50%,85,3708651432.370041,7.943743,1.906007,15.140831,13.500000,5.000000,1.000000,-3.873258,4.215708,0.000000,0.000000,0.000000,0.000000,0.000000,0.000000,56.300722,59.557525,56.972247,29.608747,29.197546,29.150510,0.000000,0.000000,Inf,40.000000,10.000000,25.000000,0.000000,0.000000,0.000000,0.000000,0.000000,0.000000,0.000000,0.000000,0.000000,0.000000,-3.256803,-0.671525,2.585278
Dwell at 50% Duty Cycle,86,3708651433.377254,3.662641,8.296102,30.385643,13.500000,5.000000,1.000000,0.863913,-0.277173,0.000000,0.000000,0.000000,0.000000,0.000000,0.000000,33.638758,30.539140,25.533573,11.073940,8.915477,6.189015,0.000000,0.000000,Inf,50.000000,10.000000,25.000000,0.000000,0.000000,0.000000,0.000000,0.000000,0.000000,0.000000,0.000000,0.000000,0.000000,3.099618,8.105186,5.005567
Set PWM Duty Cycle to 60%,87,3708651433.377254,3.662641,8.296102,30.385643,13.500000,5.000000,1.000000,0.863913,-0.277173,0.000000,0.000000,0.000000,0.000000,0.000000,0.000000,33.638758,30.539140,25.533573,11.073940,8.915477,6.189015,0.000000,0.000000,Inf,50.000000,10.000000,25.000000,0.000000,0.000000,0.000000,0.000000,0.000000,0.000000,0.000000,0.000000,0.000000,0.000000,3.099618,8.105186,5.005567
Dwell at 60% Duty Cycle,88,3708651434.393947,8.249158,5.888548,48.575562,13.500000,5.000000,1.000000,-6.376796,-5.541070,0.000000,0.000000,0.000000,0.000000,0.000000,0.000000,-18.913745,-26.737813,-29.901597,-17.110177,-19.008921,-20.821208,0.000000,0.000000,Inf,60.000000,10.000000,25.000000,0.000000,0.000000,0.000000,0.000000,0.000000,0.000000,0.000000,0.000000,0.000000,0.000000,7.824069,10.987852,3.163784
Set PWM Duty Cycle to 70%,89,3708651434.393947,8.249158,5.888548,48.575562,13.500000,5.000000,1.000000,-6.376796,-5.541070,0.000000,0.000000,0.000000,0.000000,0.000000,0.000000,-18.913745,-26.737813,-29.901597,-17.110177,-19.008921,-20.821208,0.000000,0.000000,Inf,60.000000,10.000000,25.000000,0.000000,0.000000,0.000000,0.000000,0.000000,0.000000,0.000000,0.000000,0.000000,0.000000,7.824069,10.987852,3.163784
Dwell at 70% Duty Cycle,90,3708651435.412954,3.783833,1.328053,5.025132,13.500000,5.000000,1.000000,-2.133013,1.659816,0.000000,0.000000,0.000000,0.000000,0.000000,0.000000,-55.657757,-58.469707,-57.858206,-29.861150,-30.459346,-29.185774,0.000000,0.000000,Inf,70.000000,10.000000,25.000000,0.000000,0.000000,0.000000,0.000000,0.000000,0.000000,0.000000,0.000000,0.000000,0.000000,2.811949,2.200449,-0.611501
Set PWM Duty Cycle to 80%,91,3708651435.514296,4.250341,0.987411,4.196833,13.500000,5.000000,1.000000,-7.849475,-4.915542,0.000000,0.000000,0.000000,0.000000,0.000000,0.000000,-56.223074,-58.014268,-58.779012,-29.303497,-29.500333,-28.244065,0.000000,0.000000,Inf,70.000000,10.000000,25.000000,0.000000,0.000000,0.000000,0.000000,0.000000,0.000000,0.000000,0.000000,0.000000,0.000000,1.791194,2.555938,0.764744
Dwell at 80% Duty Cycle,92,3708651436.432010,6.388749,6.525657,41.690788,13.500000,5.000000,1.000000,-3.477333,-2.216038,0.000000,0.000000,0.000000,0.000000,0.000000,0.000000,-36.493122,-32.364101,-25.947234,-10.956258,-8.182429,-5.729515,0.000000,0.000000,Inf,80.000000,10.000000,25.000000,0.000000,0.000000,0.000000,0.000000,0.000000,0.000000,0.000000,0.000000,0.000000,0.000000,-4.129021,-10.545889,-6.416867
Set PWM Duty Cycle to 90%,93,3708651436.535197,8.516067,3.153801,26.857981,13.500000,5.000000,1.000000,-3.477583,4.159963,0.000000,0.000000,0.000000,0.000000,0.000000,0.000000,-31.462650,-25.549108,-22.758874,-9.417452,-5.942881,-3.665962,0.000000,0.000000,Inf,80.000000,10.000000,25.000000,0.000000,0.000000,0.000000,0.000000,0.000000,0.000000,0.000000,0.000000,0.000000,0.000000,-5.913542,-8.703776,-2.790234
Dwell at 90% Duty Cycle,94,3708651437.554283,9.452193,0.926717,8.759511,13.500000,5.000000,1.000000,-4.088995,1.329002,0.000000,0.000000,0.000000,0.000000,0.000000,0.000000,27.624437,28.798694,36.138391,19.954697,21.727232,23.292994,0.000000,0.000000,Inf,90.000000,10.000000,25.000000,0.000000,0.000000,0.000000,0.000000,0.000000,0.000000,0.000000,0.000000,0.000000,0.000000,-1.174257,-8.513954,-7.339697
Set PWM Duty Cycle to 100%,95,3708651437.554283,9.452193,0.926717,8.759511,13.500000,5.000000,1.000000,-4.088995,1.329002,0.000000,0.000000,0.000000,0.000000,0.000000,0.000000,27.624437,28.798694,36.138391,19.954697,21.727232,23.292994,0.000000,0.000000,Inf,90.000000,10.000000,25.000000,0.000000,0.000000,0.000000,0.000000,0.000000,0.000000,0.000000,0.000000,0.000000,0.000000,-1.174257,-8.513954,-7.339697
Dwell at 100% Duty Cycle,96,3708651438.572649,2.587348,7.664582,19.830938,13.500000,5.000000,1.000000,-4.284630,4.386906,0.000000,0.000000,0.000000,0.000000,0.000000,0.000000,56.854158,59.366409,59.242805,30.565144,29.597478,27.566170,0.000000,0.000000,Inf,100.000000,10.000000,25.000000,0.000000,0.000000,0.000000,0.000000,0.000000,0.000000,0.000000,0.000000,0.000000,0.000000,-2.512250,-2.388647,0.123603
Preparing to measure Motor Response @ 9.0VDC,97,3708651440.293246,6.975418,9.607884,67.019014,13.500000,5.000000,1.000000,-8.005587,-4.037440,0.000000,0.000000,0.000000,0.000000,0.000000,0.000000,-2.860737,-7.910564,-15.173500,-9.507906,-13.320894,-14.145643,0.000000,0.000000,Inf,100.000000,10.000000,25.000000,0.000000,0.000000,0.000000,0.000000,0.000000,0.000000,0.000000,0.000000,0.000000,0.000000,5.049827,12.312763,7.262936
Apply 9.0VDC setpoint to Power Supply,98,3708651440.293246,6.975418,9.607884,67.019014,13.500000,5.000000,1.000000,-8.005587,-4.037440,0.000000,0.000000,0.000000,0.000000,0.000000,0.000000,-2.860737,-7.910564,-15.173500,-9.507906,-13.320894,-14.145643,0.000000,0.000000,Inf,100.000000,10.000000,25.000000,0.000000,0.000000,0.000000,0.000000,0.000000,0.000000,0.000000,0.000000,0.000000,0.000000,5.049827,12.312763,7.262936
Apply 5A limit to Power Supply,99,3708651440.293246,6.975418,9.607884,67.019014,13.500000,5.000000,1.000000,-8.005587,-4.037440,0.000000,0.000000,0.000000,0.000000,0.000000,0.000000,-2.860737,-7.910564,-15.173500,-9.507906,-13.320894,-14.145643,0.000000,0.000000,Inf,100.000000,10.000000,25.000000,0.000000,0.000000,0.000000,0.000000,0.000000,0.000000,0.000000,0.000000,0.000000,0.000000,5.049827,12.312763,7.262936
Set Power Supply Output Enabled,100,3708651440.293246,6.975418,9.607884,67.019014,13.500000,5.000000,1.000000,-8.005587,-4.037440,0.000000,0.000000,0.000000,0.000000,0.000000,0.000000,-2.860737,-7.910564,-15.173500,-9.507906,-13.320894,-14.145643,0.000000,0.000000,Inf,100.000000,10.000000,25.000000,0.000000,0.000000,0.000000,0.000000,0.000000,0.000000,0.000000,0.000000,0.000000,0.000000,5.049827,12.312763,7.262936
Set PWM Duty Cycle to 10%,101,3708651440.293246,6.975418,9.607884,67.019014,13.500000,5.000000,1.000000,-8.005587,-4.037440,0.000000,0.000000,0.000000,0.000000,0.000000,0.000000,-2.860737,-7.910564,-15.173500,-9.507906,-13.320894,-14.145643,0.000000,0.000000,Inf,100.000000,10.000000,25.000000,0.000000,0.000000,0.000000,0.000000,0.000000,0.000000,0.000000,0.000000,0.000000,0.000000,5.049827,12.312763,7.262936
Dwell at 10% Duty Cycle,102,3708651441.315117,7.780524,0.655216,5.097924,9.000000,5.000000,1.000000,-4.420915,-5.289778,0.000000,0.000000,0.000000,0.000000,0.000000,0.000000,-50.139666,-55.479129,-55.748509,-30.484552,-30.876355,-30.898543,0.000000,0.000000,Inf,10.000000,10.000000,25.000000,0.000000,0.000000,0.000000,0.000000,0.000000,0.000000,0.000000,0.000000,0.000000,0.000000,5.339463,5.608843,0.269380
Set PWM Duty Cycle to 20%,103,3708651441.315117,7.780524,0.655216,5.097924,9.000000,5.000000,1.000000,-4.420915,-5.289778,0.000000,0.000000,0.000000,0.000000,0.000000,0.000000,-50.139666,-55.479129,-55.748509,-30.484552,-30.876355,-30.898543,0.000000,0.000000,Inf,10.000000,10.000000,25.000000,0.000000,0.000000,0.000000,0.000000,0.000000,0.000000,0.000000,0.000000,0.000000,0.000000,5.339463,5.608843,0.269380
Dwell at 20% Duty Cycle,104,3708651442.337107,2.823975,6.291687,17.767567,9.000000,5.000000,1.000000,-1.424964,-3.681651,0.000000,0.000000,0.000000,0.000000,0.000000,0.000000,-50.520747,-48.426915,-44.904709,-20.575584,-18.855495,-18.031442,0.000000,0.000000,Inf,20.000000,10.000000,25.000000,0.000000,0.000000,0.000000,0.000000,0.000000,0.000000,0.000000,0.000000,0.000000,0.000000,-2.093833,-5.616038,-3.522206
Set PWM Duty Cycle to 30%,105,3708651442.439390,1.409351,6.733819,9.490315,9.000000,5.000000,1.000000,-1.065421,-5.279667,0.000000,0.000000,0.000000,0.000000,0.000000,0.000000,-45.463567,-45.537124,-41.792710,-18.704922,-16.882380,-15.292444,0.000000,0.000000,Inf,20.000000,10.000000,25.000000,0.000000,0.000000,0.000000,0.000000,0.000000,0.000000,0.000000,0.000000,0.000000,0.000000,0.073557,-3.670857,-3.744414
Dwell at 30% Duty Cycle,106,3708651443.352559,6.831243,3.210927,21.934621,9.000000,5.000000,1.000000,-8.098707,-0.721435,0.000000,0.000000,0.000000,0.000000,0.000000,0.000000,-0.692368,4.167230,9.028109,8.125186,9.759028,12.710028,0.000000,0.000000,Inf,30.000000,10.000000,25.000000,0.000000,0.000000,0.000000,0.000000,0.000000,0.000000,0.000000,0.000000,0.000000,0.000000,-4.859598,-9.720476,-4.860878
Set PWM Duty Cycle to 40%,107,3708651443.452243,1.835918,5.363221,9.846437,9.000000,5.000000,1.000000,-3.096519,-4.439754,0.000000,0.000000,0.000000,0.000000,0.000000,0.000000,6.947952,11.610060,14.847043,9.729170,13.377589,15.888971,0.000000,0.000000,Inf,30.000000,10.000000,25.000000,0.000000,0.000000,0.000000,0.000000,0.000000,0.000000,0.000000,0.000000,0.000000,0.000000,-4.662109,-7.899092,-3.236983
Dwell at 40% Duty Cycle,108,3708651444.462702,9.066383,0.822094,7.453421,9.000000,5.000000,1.000000,-7.454621,2.939615,0.000000,0.000000,0.000000,0.000000,0.000000,0.000000,54.522704,55.160304,55.404628,29.858893,29.954785,30.129423,0.000000,0.000000,Inf,40.000000,10.000000,25.000000,0.000000,0.000000,0.000000,0.000000,0.000000,0.000000,0.000000,0.000000,0.000000,0.000000,-0.637600,-0.881925,-0.244324
Set PWM Duty Cycle to 50%,109,3708651444.462702,9.066383,0.822094,7.453421,9.000000,5.000000,1.000000,-7.454621,2.939615,0.000000,0.000000,0.000000,0.000000,0.000000,0.000000,54.522704,55.160304,55.404628,29.858893,29.954785,30.129423,0.000000,0.000000,Inf,40.000000,10.000000,25.000000,0.000000,0.000000,0.000000,0.000000,0.000000,0.000000,0.000000,0.000000,0.000000,0.000000,-0.637600,-0.881925,-0.244324
Dwell at 50% Duty Cycle,110,3708651445.477539,0.565667,1.437568,0.813185,9.000000,5.000000,1.000000,-6.291730,2.915516,0.000000,0.000000,0.000000,0.000000,0.000000,0.000000,47.860439,41.441040,39.523368,18.420999,16.966485,13.942939,0.000000,0.000000,Inf,50.000000,10.000000,25.000000,0.000000,0.000000,0.000000,0.000000,0.000000,0.000000,0.000000,0.000000,0.000000,0.000000,6.419399,8.337071,1.917672
Set PWM Duty Cycle to 60%,111,3708651445.477539,0.565667,1.437568,0.813185,9.000000,5.000000,1.000000,-6.291730,2.915516,0.000000,0.000000,0.000000,0.000000,0.000000,0.000000,47.860439,41.441040,39.523368,18.420999,16.966485,13.942939,0.000000,0.000000,Inf,50.000000,10.000000,25.000000,0.000000,0.000000,0.000000,0.000000,0.000000,0.000000,0.000000,0.000000,0.000000,0.000000,6.419399,8.337071,1.917672
Dwell at 60% Duty Cycle,112,3708651446.497574,9.871620,9.935472,98.079209,9.000000,5.000000,1.000000,-4.260769,3.402744,0.000000,0.000000,0.000000,0.000000,0.000000,0.000000,-4.828720,-9.769750,-14.126817,-10.547970,-13.540272,-14.886481,0.000000,0.000000,Inf,60.000000,10.000000,25.000000,0.000000,0.000000,0.000000,0.000000,0.000000,0.000000,0.000000,0.000000,0.000000,0.000000,4.941030,9.298096,4.357066
Set PWM Duty Cycle to 70%,113,3708651446.497574,9.871620,9.935472,98.079209,9.000000,5.000000,1.000000,-4.260769,3.402744,0.000000,0.000000,0.000000,0.000000,0.000000,0.000000,-4.828720,-9.769750,-14.126817,-10.547970,-13.540272,-14.886481,0.000000,0.000000,Inf,60.000000,10.000000,25.000000,0.000000,0.000000,0.000000,0.000000,0.000000,0.000000,0.000000,0.000000,0.000000,0.000000,4.941030,9.298096,4.357066
Dwell at 70% Duty Cycle,114,3708651447.515797,5.722512,4.200521,24.037533,9.000000,5.000000,1.000000,-8.557757,1.559685,0.000000,0.000000,0.000000,0.000000,0.000000,0.000000,-53.560942,-52.443476,-54.403335,-30.285561,-29.714400,-29.414264,0.000000,0.000000,Inf,70.000000,10.000000,25.000000,0.000000,0.000000,0.000000,0.000000,0.000000,0.000000,0.000000,0.000000,0.000000,0.000000,-1.117466,0.842392,1.959858
Set PWM Duty Cycle to 80%,115,3708651447.515797,5.722512,4.200521,24.037533,9.000000,5.000000,1.000000,-8.557757,1.559685,0.000000,0.000000,0.000000,0.000000,0.000000,0.000000,-53.560942,-52.443476,-54.403335,-30.285561,-29.714400,-29.414264,0.000000,0.000000,Inf,70.000000,10.000000,25.000000,0.000000,0.000000,0.000000,0.000000,0.000000,0.000000,0.000000,0.000000,0.000000,0.000000,-1.117466,0.842392,1.959858
Dwell at 80% Duty Cycle,116,3708651448.535945,8.250110,7.395243,61.011573,9.000000,5.000000,1.000000,-0.244513,3.067164,0.000000,0.000000,0.000000,0.000000,0.000000,0.000000,-48.083435,-45.603292,-44.735072,-21.483478,-19.008395,-16.062730,0.000000,0.000000,Inf,80.000000,10.000000,25.000000,0.000000,0.000000,0.000000,0.000000,0.000000,0.000000,0.000000,0.000000,0.000000,0.000000,-2.480142,-3.348363,-0.868220
Set PWM Duty Cycle to 90%,117,3708651448.535945,8.250110,7.395243,61.011573,9.000000,5.000000,1.000000,-0.244513,3.067164,0.000000,0.000000,0.000000,0.000000,0.000000,0.000000,-48.083435,-45.603292,-44.735072,-21.483478,-19.008395,-16.062730,0.000000,0.000000,Inf,80.000000,10.000000,25.000000,0.000000,0.000000,0.000000,0.000000,0.000000,0.000000,0.000000,0.000000,0.000000,0.000000,-2.480142,-3.348363,-0.868220
Dwell at 90% Duty Cycle,118,3708651449.555560,6.664340,5.701860,37.999137,9.000000,5.000000,1.000000,0.458019,-2.664277,0.000000,0.000000,0.000000,0.000000,0.000000,0.000000,0.014884,6.081212,11.026662,7.462461,9.637394,12.436953,0.000000,0.000000,Inf,90.000000,10.000000,25.000000,0.000000,0.000000,0.000000,0.000000,0.000000,0.000000,0.000000,0.000000,0.000000,0.000000,-6.066327,-11.011778,-4.945450
Set PWM Duty Cycle to 100%,119,3708651449.555560,6.664340,5.701860,37.999137,9.000000,5.000000,1.000000,0.458019,-2.664277,0.000000,0.000000,0.000000,0.000000,0.000000,0.000000,0.014884,6.081212,11.026662,7.462461,9.637394,12.436953,0.000000,0.000000,Inf,90.000000,10.000000,25.000000,0.000000,0.000000,0.000000,0.000000,0.000000,0.000000,0.000000,0.000000,0.000000,0.000000,-6.066327,-11.011778,-4.945450
Dwell at 100% Duty Cycle,120,3708651450.564989,1.883568,3.175258,5.980815,9.000000,5.000000,1.000000,-7.194018,-2.854610,0.000000,0.000000,0.000000,0.000000,0.000000,0.000000,48.899785,51.652826,53.137768,29.508999,29.421294,29.731618,0.000000,0.000000,Inf,100.000000,10.000000,25.000000,0.000000,0.000000,0.000000,0.000000,0.000000,0.000000,0.000000,0.000000,0.000000,0.000000,-2.753041,-4.237983,-1.484943
Preparing to measure Motor Response @ 16.0VDC,121,3708651452.007838,2.678578,7.912274,21.193641,9.000000,5.000000,1.000000,-5.058148,3.958712,0.000000,0.000000,0.000000,0.000000,0.000000,0.000000,30.692934,26.905748,21.930400,9.210989,7.021025,4.907597,0.000000,0.000000,Inf,100.000000,10.000000,25.000000,0.000000,0.000000,0.000000,0.000000,0.000000,0.000000,0.000000,0.000000,0.000000,0.000000,3.787186,8.762534,4.975348
Apply 16.0VDC setpoint to Power Supply,122,3708651452.007838,2.678578,7.912274,21.193641,9.000000,5.000000,1.000000,-5.058148,3.958712,0.000000,0.000000,0.000000,0.000000,0.000000,0.000000,30.692934,26.905748,21.930400,9.210989,7.021025,4.907597,0.000000,0.000000,Inf,100.000000,10.000000,25.000000,0.000000,0.000000,0.000000,0.000000,0.000000,0.000000,0.000000,0.000000,0.000000,0.000000,3.787186,8.762534,4.975348
Apply 5A limit to Power Supply,123,3708651452.007838,2.678578,7.912274,21.193641,9.000000,5.000000,1.000000,-5.058148,3.958712,0.000000,0.000000,0.000000,0.000000,0.000000,0.000000,30.692934,26.905748,21.930400,9.210989,7.021025,4.907597,0.000000,0.000000,Inf,100.000000,10.000000,25.000000,0.000000,0.000000,0.000000,0.000000,0.000000,0.000000,0.000000,0.000000,0.000000,0.000000,3.787186,8.762534,4.975348
Set Power Supply Output Enabled,124,3708651452.007838,2.678578,7.912274,21.193641,9.000000,5.000000,1.000000,-5.058148,3.958712,0.000000,0.000000,0.000000,0.000000,0.000000,0.000000,30.692934,26.905748,21.930400,9.210989,7.021025,4.907597,0.000000,0.000000,Inf,100.000000,10.000000,25.000000,0.000000,0.000000,0.000000,0.000000,0.000000,0.000000,0.000000,0.000000,0.000000,0.000000,3.787186,8.762534,4.975348
Set PWM Duty Cycle to 10%,125,3708651452.007838,2.678578,7.912274,21.193641,9.000000,5.000000,1.000000,-5.058148,3.958712,0.000000,0.000000,0.000000,0.000000,0.000000,0.000000,30.692934,26.905748,21.930400,9.210989,7.021025,4.907597,0.000000,0.000000,Inf,100.000000,10.000000,25.000000,0.000000,0.000000,0.000000,0.000000,0.000000,0.000000,0.000000,0.000000,0.000000,0.000000,3.787186,8.762534,4.975348
Dwell at 10% Duty Cycle,126,3708651453.044662,4.898675,5.066627,24.819755,16.000000,5.000000,1.000000,-6.583055,-2.067142,0.000000,0.000000,0.000000,0.000000,0.000000,0.000000,-23.556692,-27.773561,-31.714663,-19.676385,-21.519722,-23.775553,0.000000,0.000000,Inf,10.000000,10.000000,25.000000,0.000000,0.000000,0.000000,0.000000,0.000000,0.000000,0.000000,0.000000,0.000000,0.000000,4.216869,8.157971,3.941102
Set PWM Duty Cycle to 20%,127,3708651453.044662,4.898675,5.066627,24.819755,16.000000,5.000000,1.000000,-6.583055,-2.067142,0.000000,0.000000,0.000000,0.000000,0.000000,0.000000,-23.556692,-27.773561,-31.714663,-19.676385,-21.519722,-23.775553,0.000000,0.000000,Inf,10.000000,10.000000,25.000000,0.000000,0.000000,0.000000,0.000000,0.000000,0.000000,0.000000,0.000000,0.000000,0.000000,4.216869,8.157971,3.941102
Dwell at 20% Duty Cycle,128,3708651454.059751,0.445442,6.305909,2.808920,16.000000,5.000000,1.000000,-8.747520,0.510041,0.000000,0.000000,0.000000,0.000000,0.000000,0.000000,-58.930360,-57.144052,-56.404856,-30.256087,-29.181873,-28.961843,0.000000,0.000000,Inf,20.000000,10.000000,25.000000,0.000000,0.000000,0.000000,0.000000,0.000000,0.000000,0.000000,0.000000,0.000000,0.000000,-1.786308,-2.525504,-0.739195
Set PWM Duty Cycle to 30%,129,3708651454.059751,0.445442,6.305909,2.808920,16.000000,5.000000,1.000000,-8.747520,0.510041,0.000000,0.000000,0.000000,0.000000,0.000000,0.000000,-58.930360,-57.144052,-56.404856,-30.256087,-29.181873,-28.961843,0.000000,0.000000,Inf,20.000000,10.000000,25.000000,0.000000,0.000000,0.000000,0.000000,0.000000,0.000000,0.000000,0.000000,0.000000,0.000000,-1.786308,-2.525504,-0.739195
Dwell at 30% Duty Cycle,130,3708651455.080698,0.406899,2.557157,1.040504,16.000000,5.000000,1.000000,-0.546922,2.426641,0.000000,0.000000,0.000000,0.000000,0.000000,0.000000,-37.413707,-32.963113,-29.740142,-12.838838,-8.982644,-8.177791,0.000000,0.000000,Inf,30.000000,10.000000,25.000000,0.000000,0.000000,0.000000,0.000000,0.000000,0.000000,0.000000,0.000000,0.000000,0.000000,-4.450593,-7.673564,-3.222971
Set PWM Duty Cycle to 40%,131,3708651455.080698,0.406899,2.557157,1.040504,16.000000,5.000000,1.000000,-0.546922,2.426641,0.000000,0.000000,0.000000,0.000000,0.000000,0.000000,-37.413707,-32.963113,-29.740142,-12.838838,-8.982644,-8.177791,0.000000,0.000000,Inf,30.000000,10.000000,25.000000,0.000000,0.000000,0.000000,0.000000,0.000000,0.000000,0.000000,0.000000,0.000000,0.000000,-4.450593,-7.673564,-3.222971
Dwell at 40% Duty Cycle,132,3708651456.095889,7.869424,3.708039,29.180128,16.000000,5.000000,1.000000,-5.186375,2.979685,0.000000,0.000000,0.000000,0.000000,0.000000,0.000000,24.922093,27.958118,34.057476,18.716601,21.674280,22.474484,0.000000,0.000000,Inf,40.000000,10.000000,25.000000,0.000000,0.000000,0.000000,0.000000,0.000000,0.000000,0.000000,0.000000,0.000000,0.000000,-3.036025,-9.135383,-6.099358
Set PWM Duty Cycle to 50%,133,3708651456.196700,3.826276,4.569331,17.483518,16.000000,5.000000,1.000000,-8.922532,3.186223,0.000000,0.000000,0.000000,0.000000,0.000000,0.000000,29.455506,34.663198,37.942152,21.287547,23.263262,25.210110,0.000000,0.000000,Inf,40.000000,10.000000,25.000000,0.000000,0.000000,0.000000,0.000000,0.000000,0.000000,0.000000,0.000000,0.000000,0.000000,-5.207692,-8.486646,-3.278954
Dwell at 50% Duty Cycle,134,3708651457.212749,4.067533,1.012366,4.117832,16.000000,5.000000,1.000000,-7.341612,-3.812604,0.000000,0.000000,0.000000,0.000000,0.000000,0.000000,59.887251,59.850816,56.505922,29.550752,27.928909,27.378848,0.000000,0.000000,Inf,50.000000,10.000000,25.000000,0.000000,0.000000,0.000000,0.000000,0.000000,0.000000,0.000000,0.000000,0.000000,0.000000,0.036435,3.381329,3.344894
Set PWM Duty Cycle to 60%,135,3708651457.212749,4.067533,1.012366,4.117832,16.000000,5.000000,1.000000,-7.341612,-3.812604,0.000000,0.000000,0.000000,0.000000,0.000000,0.000000,59.887251,59.850816,56.505922,29.550752,27.928909,27.378848,0.000000,0.000000,Inf,50.000000,10.000000,25.000000,0.000000,0.000000,0.000000,0.000000,0.000000,0.000000,0.000000,0.000000,0.000000,0.000000,0.036435,3.381329,3.344894
Dwell at 60% Duty Cycle,136,3708651458.228632,4.772197,5.123400,24.449872,16.000000,5.000000,1.000000,-3.025075,1.670588,0.000000,0.000000,0.000000,0.000000,0.000000,0.000000,33.192288,25.951854,24.096166,9.038367,7.443581,3.653940,0.000000,0.000000,Inf,60.000000,10.000000,25.000000,0.000000,0.000000,0.000000,0.000000,0.000000,0.000000,0.000000,0.000000,0.000000,0.000000,7.240434,9.096122,1.855688
Set PWM Duty Cycle to 70%,137,3708651458.228632,4.772197,5.123400,24.449872,16.000000,5.000000,1.000000,-3.025075,1.670588,0.000000,0.000000,0.000000,0.000000,0.000000,0.000000,33.192288,25.951854,24.096166,9.038367,7.443581,3.653940,0.000000,0.000000,Inf,60.000000,10.000000,25.000000,0.000000,0.000000,0.000000,0.000000,0.000000,0.000000,0.000000,0.000000,0.000000,0.000000,7.240434,9.096122,1.855688
Dwell at 70% Duty Cycle,138,3708651459.255199,6.904709,7.681451,53.038178,16.000000,5.000000,1.000000,-5.263912,-4.935075,0.000000,0.000000,0.000000,0.000000,0.000000,0.000000,-24.549059,-28.433191,-32.932250,-19.875315,-22.389305,-24.029905,0.000000,0.000000,Inf,70.000000,10.000000,25.000000,0.000000,0.000000,0.000000,0.000000,0.000000,0.000000,0.000000,0.000000,0.000000,0.000000,3.884132,8.383191,4.499059
Set PWM Duty Cycle to 80%,139,3708651459.255199,6.904709,7.681451,53.038178,16.000000,5.000000,1.000000,-5.263912,-4.935075,0.000000,0.000000,0.000000,0.000000,0.000000,0.000000,-24.549059,-28.433191,-32.932250,-19.875315,-22.389305,-24.029905,0.000000,0.000000,Inf,70.000000,10.000000,25.000000,0.000000,0.000000,0.000000,0.000000,0.000000,0.000000,0.000000,0.000000,0.000000,0.000000,3.884132,8.383191,4.499059
Dwell at 80% Duty Cycle,140,3708651460.269166,3.578806,9.933844,35.551303,16.000000,5.000000,1.000000,-6.149656,-3.694277,0.000000,0.000000,0.000000,0.000000,0.000000,0.000000,-59.406971,-59.887587,-57.644473,-30.509016,-29.460607,-28.611610,0.000000,0.000000,Inf,80.000000,10.000000,25.000000,0.000000,0.000000,0.000000,0.000000,0.000000,0.000000,0.000000,0.000000,0.000000,0.000000,0.480616,-1.762498,-2.243114
Set PWM Duty Cycle to 90%,141,3708651460.269166,3.578806,9.933844,35.551303,16.000000,5.000000,1.000000,-6.149656,-3.694277,0.000000,0.000000,0.000000,0.000000,0.000000,0.000000,-59.406971,-59.887587,-57.644473,-30.509016,-29.460607,-28.611610,0.000000,0.000000,Inf,80.000000,10.000000,25.000000,0.000000,0.000000,0.000000,0.000000,0.000000,0.000000,0.000000,0.000000,0.000000,0.000000,0.480616,-1.762498,-2.243114
Dwell at 90% Duty Cycle,142,3708651461.280708,1.766757,3.827742,6.762688,16.000000,5.000000,1.000000,-5.755030,0.636948,0.000000,0.000000,0.000000,0.000000,0.000000,0.000000,-36.064691,-30.466527,-28.557681,-11.250865,-8.914162,-6.861508,0.000000,0.000000,Inf,90.000000,10.000000,25.000000,0.000000,0.000000,0.000000,0.000000,0.000000,0.000000,0.000000,0.000000,0.000000,0.000000,-5.598164,-7.507010,-1.908846
Set PWM Duty Cycle to 100%,143,3708651461.280708,1.766757,3.827742,6.762688,16.000000,5.000000,1.000000,-5.755030,0.636948,0.000000,0.000000,0.000000,0.000000,0.000000,0.000000,-36.064691,-30.466527,-28.557681,-11.250865,-8.914162,-6.861508,0.000000,0.000000,Inf,90.000000,10.000000,25.000000,0.000000,0.000000,0.000000,0.000000,0.000000,0.000000,0.000000,0.000000,0.000000,0.000000,-5.598164,-7.507010,-1.908846
Dwell at 100% Duty Cycle,144,3708651462.291389,7.141019,0.464622,3.317876,16.000000,5.000000,1.000000,0.691072,-0.508585,0.000000,0.000000,0.000000,0.000000,0.000000,0.000000,20.995904,23.904034,28.656151,17.097936,19.988259,21.624753,0.000000,0.000000,Inf,100.000000,10.000000,25.000000,0.000000,0.000000,0.000000,0.000000,0.000000,0.000000,0.000000,0.000000,0.000000,0.000000,-2.908130,-7.660246,-4.752116
Test Complete,145,3708651465.242527,7.236113,7.361862,53.271264,16.000000,5.000000,1.000000,-5.986724,-4.103597,0.000000,0.000000,0.000000,0.000000,0.000000,0.000000,-15.407833,-20.735151,-23.114814,-15.177776,-18.135031,-20.083172,0.000000,0.000000,Inf,100.000000,10.000000,25.000000,0.000000,0.000000,0.000000,0.000000,0.000000,0.000000,0.000000,0.000000,0.000000,0.000000,5.327318,7.706981,2.379663
Apply 0VDC Power Supply Voltage Setpoint,146,3708651465.242527,7.236113,7.361862,53.271264,16.000000,5.000000,1.000000,-5.986724,-4.103597,0.000000,0.000000,0.000000,0.000000,0.000000,0.000000,-15.407833,-20.735151,-23.114814,-15.177776,-18.135031,-20.083172,0.000000,0.000000,Inf,100.000000,10.000000,25.000000,0.000000,0.000000,0.000000,0.000000,0.000000,0.000000,0.000000,0.000000,0.000000,0.000000,5.327318,7.706981,2.379663
Apply 0A Power Supply Current Limit,147,3708651465.345382,3.473620,0.041786,0.145148,16.000000,5.000000,1.000000,-2.728372,2.694787,0.000000,0.000000,0.000000,0.000000,0.000000,0.000000,-22.493829,-26.266452,-31.867256,-18.047304,-19.954720,-22.383322,0.000000,0.000000,Inf,100.000000,10.000000,25.000000,0.000000,0.000000,0.000000,0.000000,0.000000,0.000000,0.000000,0.000000,0.000000,0.000000,3.772624,9.373427,5.600803
Set Power Supply Output Disabled,148,3708651465.345382,3.473620,0.041786,0.145148,16.000000,5.000000,1.000000,-2.728372,2.694787,0.000000,0.000000,0.000000,0.000000,0.000000,0.000000,-22.493829,-26.266452,-31.867256,-18.047304,-19.954720,-22.383322,0.000000,0.000000,Inf,100.000000,10.000000,25.000000,0.000000,0.000000,0.000000,0.000000,0.000000,0.000000,0.000000,0.000000,0.000000,0.000000,3.772624,9.373427,5.600803
Set PWM Duty Cycle to 0%,149,3708651465.345382,3.473620,0.041786,0.145148,16.000000,5.000000,1.000000,-2.728372,2.694787,0.000000,0.000000,0.000000,0.000000,0.000000,0.000000,-22.493829,-26.266452,-31.867256,-18.047304,-19.954720,-22.383322,0.000000,0.000000,Inf,100.000000,10.000000,25.000000,0.000000,0.000000,0.000000,0.000000,0.000000,0.000000,0.000000,0.000000,0.000000,0.000000,3.772624,9.373427,5.600803
Disconnect all LCR Relays,150,3708651465.345382,3.473620,0.041786,0.145148,16.000000,5.000000,1.000000,-2.728372,2.694787,0.000000,0.000000,0.000000,0.000000,0.000000,0.000000,-22.493829,-26.266452,-31.867256,-18.047304,-19.954720,-22.383322,0.000000,0.000000,Inf,100.000000,10.000000,25.000000,0.000000,0.000000,0.000000,0.000000,0.000000,0.000000,0.000000,0.000000,0.000000,0.000000,3.772624,9.373427,5.600803
,151,3708651465.345382,3.473620,0.041786,0.145148,16.000000,5.000000,1.000000,-2.728372,2.694787,0.000000,0.000000,0.000000,0.000000,0.000000,0.000000,-22.493829,-26.266452,-31.867256,-18.047304,-19.954720,-22.383322,0.000000,0.000000,Inf,100.000000,10.000000,25.000000,0.000000,0.000000,0.000000,0.000000,0.000000,0.000000,0.000000,0.000000,0.000000,0.000000,3.772624,9.373427,5.600803
